{"Fid":"ckyAtarNQYyRRvhPXfUOUK","Status":3,"AuthToken":"eyJhbGciOiJFUzI1NiIsInR5cCI6IkpXVCJ9.eyJhcHBJZCI6IjE6MTA3NjQxMzg0NTM5MjphbmRyb2lkOjg4OWU5OGJiOWY5OWM0ZTIiLCJleHAiOjE3Njk0NDQ4MzksImZpZCI6ImNreUF0YXJOUVl5UlJ2aFBYZlVPVUsiLCJwcm9qZWN0TnVtYmVyIjoxMDc2NDEzODQ1MzkyfQ.AB2LPV8wRQIhAOQJtt-8JM3VDLQjJACTuFUBUXbT_sTthJS7tjMiztXeAiBF2grpYfJbH6HQkCJvyK334pLB0BpBqy6kYGIhSGBDEw","RefreshToken":"3_AS3qfwKzaDbb6FuMf_-S559h0ngfkeEo70LK37Bx3qpWZ01kUqhbZ2171NYW8qFJSQ2mSwFON6lhseIFQRN5S_yIjuenw_gw52SI4VkyliJiaaw","TokenCreationEpochInSecs":1768840039,"ExpiresInSecs":604800}