<?xml version='1.0' encoding='utf-8' standalone='yes' ?>
<map>
    <int name="collage_photo_choose_interstitial_session_count" value="0" />
    <int name="social_share_done_house_int_daily_count" value="0" />
    <int name="offer_replacement_interstitial_session_count" value="0" />
    <int name="social_share_done_interstitial_session_count" value="0" />
    <int name="social_share_done_native_int_session_count" value="0" />
    <int name="collage_photo_choose_native_int_session_count" value="0" />
    <int name="collage_photo_choose_native_int_daily_count" value="0" />
    <int name="interstitial_ad_editor_complete_daily_count" value="0" />
    <int name="interstitial_ad_picsart_upload_daily_count" value="0" />
    <int name="collage_photo_choose_house_int_daily_count" value="0" />
    <int name="editor_export_house_int_daily_count" value="0" />
    <int name="offer_replacement_house_int_session_count" value="0" />
    <int name="interstitial_ad_photo_choose_session_count" value="0" />
    <int name="offer_replacement_native_int_session_count" value="0" />
    <int name="photo_choose_native_int_session_count" value="0" />
    <boolean name="ad_remover_enabled" value="false" />
    <int name="collage_photo_choose_house_int_session_count" value="0" />
    <int name="picsart_upload_interstitial_session_count" value="0" />
    <int name="interstitial_ad_editor_export_session_count" value="0" />
    <int name="picsart_upload_house_int_session_count" value="0" />
    <int name="editor_complete_interstitial_daily_count" value="0" />
    <int name="offer_replacement_house_int_daily_count" value="0" />
    <int name="editor_export_interstitial_session_count" value="0" />
    <int name="interstitial_ad_collage_photo_choose_daily_count" value="0" />
    <int name="photo_choose_interstitial_daily_count" value="0" />
    <int name="photo_choose_native_int_daily_count" value="0" />
    <int name="photo_choose_house_int_daily_count" value="0" />
    <int name="native_ad_app_open_splash_daily_count" value="0" />
    <int name="editor_complete_interstitial_session_count" value="0" />
    <int name="splash_ad_daily_count" value="0" />
    <int name="native_ad_explore_daily_count" value="0" />
    <int name="editor_export_house_int_session_count" value="0" />
    <int name="picsart_upload_native_int_session_count" value="0" />
    <int name="interstitial_ad_global_per_daily_count" value="0" />
    <int name="social_share_done_native_int_daily_count" value="0" />
    <int name="social_share_done_house_int_session_count" value="0" />
    <int name="photo_choose_interstitial_session_count" value="0" />
    <int name="interstitial_ad_photo_choose_daily_count" value="0" />
    <int name="interstitial_ad_offer_replacement_session_count" value="0" />
    <int name="ad_launch_after_session" value="2" />
    <int name="editor_export_native_int_daily_count" value="0" />
    <int name="interstitial_ad_offer_replacement_daily_count" value="0" />
    <int name="editor_complete_native_int_daily_count" value="0" />
    <int name="editor_export_native_int_session_count" value="0" />
    <int name="interstitial_ad_social_share_done_session_count" value="0" />
    <int name="picsart_upload_house_int_daily_count" value="0" />
    <int name="offer_replacement_interstitial_daily_count" value="0" />
    <int name="picsart_upload_native_int_daily_count" value="0" />
    <int name="interstitial_ad_editor_complete_session_count" value="0" />
    <int name="collage_photo_choose_interstitial_daily_count" value="0" />
    <int name="interstitial_ad_global_per_session_count" value="0" />
    <int name="ad_daily_sessions" value="1" />
    <int name="native_ad_explore_session_count" value="0" />
    <int name="editor_complete_house_int_daily_count" value="0" />
    <int name="social_share_done_interstitial_daily_count" value="0" />
    <int name="editor_complete_house_int_session_count" value="0" />
    <long name="ad_daily_sessions_timestamp" value="1768936751017" />
    <boolean name="ads_force_disabled" value="true" />
    <int name="photo_choose_house_int_session_count" value="0" />
    <int name="splash_ad_overall_count" value="0" />
    <int name="picsart_upload_interstitial_daily_count" value="0" />
    <int name="editor_complete_native_int_session_count" value="0" />
    <int name="interstitial_ad_editor_export_daily_count" value="0" />
    <int name="interstitial_ad_picsart_upload_session_count" value="0" />
    <int name="interstitial_ad_social_share_done_daily_count" value="0" />
    <int name="interstitial_ad_collage_photo_choose_session_count" value="0" />
    <int name="native_ad_app_open_splash_session_count" value="0" />
    <int name="editor_export_interstitial_daily_count" value="0" />
    <int name="offer_replacement_native_int_daily_count" value="0" />
</map>
