<?xml version='1.0' encoding='utf-8' standalone='yes' ?>
<map>
    <boolean name="analytics_net_enabled_key" value="true" />
    <boolean name="analytics_track_settings_key" value="true" />
    <string name="analytics_net_endpoint_key">https://analytics.picsart.com/requests</string>
    <string name="analytics_endpoint_key">https://analytics.picsart.com/</string>
    <long name="old_file_threshold" value="5184000000" />
    <string name="analytics_data_upload_config_key">{&quot;minDelayMs&quot;:2000,&quot;defaultIntervalMs&quot;:10000,&quot;maxDelayMs&quot;:20000}</string>
</map>
