<?xml version='1.0' encoding='utf-8' standalone='yes' ?>
<map>
    <int name="AF_CACHE_VERSION" value="1" />
    <string name="prev_event_name">af_complete_registration</string>
    <boolean name="didSendRevenueTriggerOnLastBackground" value="false" />
    <long name="prev_event_timestamp" value="1768840069824" />
    <int name="appsFlyerInAppEventCount" value="2" />
    <long name="prev_session_dur" value="1" />
    <long name="af_rc_max_age" value="86400" />
    <boolean name="ddl_sent" value="true" />
    <string name="sentSuccessfully">true</string>
    <string name="af_remote_config">eyJmZWF0dXJlcyI6e30sInZlciI6ImRlZmF1bHQudjEuMTYzNzE0OTUyOSJ9</string>
    <int name="versionCode" value="993829106" />
    <string name="savedProperties">{&quot;waitForCustomerId&quot;:&quot;false&quot;,&quot;disableCollectNetworkData&quot;:&quot;false&quot;,&quot;AppUserId&quot;:&quot;__859af398f2d94d4a9e45db21db2aeebc&quot;}</string>
    <string name="AF_INSTALLATION">1768840038461-999328067092222093</string>
    <boolean name="afUninstallToken_queued" value="false" />
    <int name="appsFlyerCount" value="6" />
    <long name="af_rc_timestamp" value="1768936749879" />
    <long name="AppsFlyerTimePassedSincePrevLaunch" value="1768936752478" />
    <boolean name="newGPReferrerSent" value="true" />
    <string name="appsFlyerFirstInstall">2026-01-19_215719+0530</string>
    <string name="attributionId">{&quot;install_time&quot;:&quot;2026-01-19 16:27:25.401&quot;,&quot;af_message&quot;:&quot;organic install&quot;,&quot;af_status&quot;:&quot;Organic&quot;,&quot;is_first_launch&quot;:false}</string>
</map>
