<?xml version='1.0' encoding='utf-8' standalone='yes' ?>
<map>
    <string name="com.snapchat.kit.sdk.core.metrics.skate.SkateStore.kitVariants"></string>
    <long name="com.snapchat.kit.sdk.core.metrics.skate.SkateStore.skateDay" value="19" />
    <long name="com.snapchat.kit.sdk.core.metrics.skate.SkateStore.skateMonth" value="1" />
    <string name="com.snapchat.kit.sdk.core.metrics.skate.SkateStore.kitVersions">{}</string>
    <long name="com.snapchat.kit.sdk.core.metrics.skate.SkateStore.skateYear" value="2026" />
    <float name="com.snapchat.kit.sdk.core.metrics.skate.deviceSampleValue" value="0.99656886" />
    <int name="com.snapchat.kit.sdk.core.metrics.skate.SkateStore.skateCount" value="3" />
    <float name="com.snapchat.kit.sdk.core.config.skateSampleRate" value="0.0" />
</map>
