<?xml version='1.0' encoding='utf-8' standalone='yes' ?>
<map>
    <string name="api_level">35</string>
    <string name="adjust_network">&quot;Organic&quot;</string>
    <string name="app_instance_id">&quot;9fa09b28e09ef0549827ad50f49fe186&quot;</string>
    <string name="cpu">[]</string>
    <string name="adjust_campaign">&quot;&quot;</string>
    <string name="supportOsArch">[&quot;arm64-v8a&quot;,&quot;armeabi-v7a&quot;,&quot;armeabi&quot;]</string>
    <string name="external_memory_size">2847068160</string>
    <string name="internal_storage_size">54439931904</string>
    <string name="is_64bit">true</string>
    <string name="gpu">&quot;missing&quot;</string>
    <string name="device_ram_size">3822702592</string>
    <string name="adjust_adgroup">&quot;&quot;</string>
    <string name="runtime_max_memory">512</string>
    <string name="cpu_core_count">8</string>
    <string name="adjust_creative">&quot;&quot;</string>
</map>
