<?xml version='1.0' encoding='utf-8' standalone='yes' ?>
<map>
    <boolean name="measurement_enabled_from_api" value="true" />
    <long name="first_open_time" value="1768840038276" />
    <string name="gmp_app_id">1:1076413845392:android:889e98bb9f99c4e2</string>
    <string name="app_instance_id">9fa09b28e09ef0549827ad50f49fe186</string>
    <long name="session_id" value="1768936749" />
    <boolean name="app_backgrounded" value="true" />
    <long name="health_monitor:start" value="1768936749725" />
    <boolean name="use_service" value="true" />
    <string name="non_personalized_ads">false</string>
    <boolean name="deferred_analytics_collection" value="false" />
    <string name="previous_os_version">15</string>
    <boolean name="measurement_enabled" value="true" />
    <boolean name="has_been_opened" value="true" />
    <boolean name="allow_remote_dynamite" value="true" />
    <long name="last_pause_time" value="1768936756344" />
    <boolean name="start_new_session" value="false" />
</map>
