<?xml version='1.0' encoding='utf-8' standalone='yes' ?>
<map>
    <set name="device-name/lineage_r5x kotlin/2.0.20 fire-installations/18.0.0 device-model/RMX1911 fire-transport/18.2.0 android-min-sdk/23 device-brand/realme fire-android/35 android-installer/com.android.vending fire-core/21.0.0 fire-core-ktx/21.0.0 fire-analytics-ktx/22.0.2 fire-analytics/22.0.2 android-platform/ fire-fcm/24.0.0 android-target-sdk/36">
        <string>2026-01-19</string>
    </set>
    <set name="kotlin/2.0.20 device-name/lineage_r5x device-model/RMX1911 fire-transport/18.2.0 fire-installations/18.0.0 android-min-sdk/23 device-brand/realme fire-android/35 android-installer/com.android.vending fire-core/21.0.0 fire-core-ktx/21.0.0 fire-analytics-ktx/22.0.2 fire-analytics/22.0.2 android-platform/ fire-fcm/24.0.0 android-target-sdk/36">
        <string>2026-01-20</string>
    </set>
    <long name="fire-count" value="2" />
    <string name="last-used-date">2026-01-20</string>
    <long name="fire-global" value="1768840038388" />
</map>
