<?xml version='1.0' encoding='utf-8' standalone='yes' ?>
<map>
    <string name="/data/user/0/com.picsart.studio/miniapp-shared-resources/cms-pastatic/eae6e1ea-9319-406c-a3de-00431f8f03f4.woff2">https://pastatic.picsart.com/cms-pastatic/eae6e1ea-9319-406c-a3de-00431f8f03f4.woff2</string>
    <string name="/data/user/0/com.picsart.studio/miniapp-shared-resources/cms-pastatic/0ea441d6-d0d4-4236-b649-67a987887865.woff2">https://pastatic.picsart.com/cms-pastatic/0ea441d6-d0d4-4236-b649-67a987887865.woff2</string>
    <string name="/data/user/0/com.picsart.studio/miniapp-shared-resources/cms-pastatic/29638842-7b80-41e7-8010-2f70c069f1e9.woff2">https://pastatic.picsart.com/cms-pastatic/29638842-7b80-41e7-8010-2f70c069f1e9.woff2</string>
    <string name="/data/user/0/com.picsart.studio/miniapp-shared-resources/cms-pastatic/d018cb40-40a8-4efa-a202-947285ae8329.woff2">https://pastatic.picsart.com/cms-pastatic/d018cb40-40a8-4efa-a202-947285ae8329.woff2</string>
    <string name="/data/user/0/com.picsart.studio/miniapp-shared-resources/migrations.js">W/&quot;280da4fb2fc6ae78aee7e49b8f6c97fc&quot;</string>
    <string name="/data/user/0/com.picsart.studio/miniapp-shared-resources/cms-pastatic/3de40576-a960-483a-a3ab-a1743e3c4ba6.woff2">https://pastatic.picsart.com/cms-pastatic/3de40576-a960-483a-a3ab-a1743e3c4ba6.woff2</string>
    <string name="/data/user/0/com.picsart.studio/miniapp-shared-resources/cms-pastatic/777f5347-1aaf-49bd-8399-223ffe39d52f.woff2">https://pastatic.picsart.com/cms-pastatic/777f5347-1aaf-49bd-8399-223ffe39d52f.woff2</string>
    <string name="/data/user/0/com.picsart.studio/miniapp-shared-resources/cms-pastatic/ed196cf9-6e01-4333-8370-ef8544c92acc.woff2">https://pastatic.picsart.com/cms-pastatic/ed196cf9-6e01-4333-8370-ef8544c92acc.woff2</string>
    <string name="/data/user/0/com.picsart.studio/miniapp-shared-resources/cms-pastatic/1926d8ab-bb9b-4c73-bac5-2036808e22c7.woff2">https://pastatic.picsart.com/cms-pastatic/1926d8ab-bb9b-4c73-bac5-2036808e22c7.woff2</string>
</map>
