<?xml version='1.0' encoding='utf-8' standalone='yes' ?>
<map>
    <int name="__triggers_1763500608" value="1" />
    <int name="__triggers_1766495329" value="1" />
    <int name="__triggers_1762333588" value="1" />
    <int name="__triggers_1759307578" value="1" />
    <int name="__triggers_1760340610" value="1" />
    <int name="__triggers_1768480929" value="3" />
    <int name="__triggers_1764751186" value="1" />
    <int name="__triggers_1758526175" value="1" />
    <int name="__triggers_1765545814" value="1" />
    <int name="__triggers_1759321565" value="1" />
    <int name="__triggers_1765546142" value="1" />
    <int name="__triggers_1761638410" value="1" />
    <int name="__triggers_1766496497" value="2" />
    <int name="__triggers_1765545499" value="2" />
    <int name="__triggers_1762334208" value="1" />
    <int name="__triggers_1762332427" value="1" />
    <int name="__triggers_1764749099" value="1" />
    <int name="__triggers_1757933996" value="1" />
    <int name="__triggers_1762335539" value="1" />
    <int name="__triggers_1761122018" value="1" />
    <int name="__triggers_1765879028" value="1" />
    <int name="__triggers_1740475798" value="1" />
    <int name="__triggers_1740473776" value="1" />
    <int name="__triggers_1767842622" value="1" />
    <int name="__triggers_1767843434" value="1" />
    <int name="__triggers_1740475872" value="1" />
    <int name="__triggers_1765443722" value="3" />
    <int name="__triggers_1767842947" value="1" />
    <int name="__triggers_1762424022" value="1" />
    <int name="__triggers_1760021287" value="1" />
    <int name="__triggers_1761639510" value="1" />
    <int name="__triggers_1740475839" value="1" />
    <int name="__triggers_1760082572" value="1" />
    <int name="__triggers_1764753547" value="1" />
    <int name="__triggers_1764754833" value="1" />
    <int name="__triggers_1762333842" value="1" />
    <int name="__triggers_1762334854" value="1" />
    <int name="__triggers_1759307875" value="1" />
    <int name="__triggers_1762333441" value="1" />
    <int name="__triggers_1762333004" value="1" />
    <int name="__triggers_1762335300" value="1" />
    <int name="__triggers_1764753145" value="1" />
    <int name="__triggers_1761653902" value="1" />
    <int name="__triggers_1758885236" value="1" />
    <int name="__triggers_1764752650" value="1" />
    <int name="__triggers_1767842216" value="2" />
    <int name="__triggers_1764750156" value="1" />
    <int name="__triggers_1759491187" value="1" />
    <int name="__triggers_1761665124" value="1" />
    <int name="__triggers_1760022269" value="1" />
    <int name="__triggers_1766496873" value="2" />
    <int name="__triggers_1766495740" value="1" />
    <int name="__triggers_1764749678" value="1" />
    <int name="__triggers_1766497204" value="2" />
    <int name="__triggers_1762332761" value="1" />
    <int name="__triggers_1767843774" value="1" />
    <int name="__triggers_1762334462" value="1" />
    <int name="__triggers_1763502310" value="1" />
    <int name="__triggers_1758530121" value="1" />
    <int name="__triggers_1768479638" value="3" />
    <int name="__triggers_1765545903" value="1" />
    <int name="__triggers_1765546793" value="3" />
    <int name="__triggers_1740473879" value="1" />
    <int name="__triggers_1763500935" value="1" />
    <int name="__triggers_1760021945" value="1" />
    <int name="__triggers_1764749346" value="1" />
    <int name="__triggers_1766494524" value="1" />
</map>
