<?xml version='1.0' encoding='utf-8' standalone='yes' ?>
<map>
    <string name="ict_date:__859af398f2d94d4a9e45db21db2aeebc:485-99W-RK7Z">21012026</string>
    <string name="instance:485-99W-RK7Z">{&quot;accountId&quot;:&quot;485-99W-RK7Z&quot;,&quot;accountToken&quot;:&quot;0cc-5b4&quot;,&quot;accountRegion&quot;:&quot;us1&quot;,&quot;analyticsOnly&quot;:false,&quot;isDefaultInstance&quot;:false,&quot;useGoogleAdId&quot;:false,&quot;disableAppLaunchedEvent&quot;:false,&quot;personalization&quot;:true,&quot;debugLevel&quot;:0,&quot;createdPostAppLaunch&quot;:true,&quot;sslPinning&quot;:false,&quot;backgroundSync&quot;:false,&quot;getEnableCustomCleverTapId&quot;:false,&quot;beta&quot;:false,&quot;encryptionLevel&quot;:0,&quot;encryptionInTransit&quot;:&quot;0&quot;,&quot;allowedPushTypes&quot;:[]}</string>
    <string name="SP_KEY_PROFILE_IDENTITIES:485-99W-RK7Z">Identity</string>
    <boolean name="ssInAppMigrated:485-99W-RK7Z" value="true" />
    <int name="encryptionLevel:485-99W-RK7Z" value="0" />
    <int name="lastSessionId:485-99W-RK7Z" value="1768936749" />
    <int name="istmcd_inapp:__859af398f2d94d4a9e45db21db2aeebc:485-99W-RK7Z" value="10" />
    <int name="encryptionMigrationFailureCount:485-99W-RK7Z" value="0" />
    <int name="istc_inapp:__859af398f2d94d4a9e45db21db2aeebc:485-99W-RK7Z" value="0" />
    <int name="sexe:485-99W-RK7Z" value="1768936753" />
    <string name="fcm_token:485-99W-RK7Z">ckyAtarNQYyRRvhPXfUOUK:APA91bGSGW9XFYnXIwU6eN05lJHLJXzGsP5tesK-F8On_fcQDVCc3aR95cNCWuBFlAWWn7kTuL0Wi8XdO9Wtxfn3MQ_ZplOMYPHrLGirisOTCiBqPXnSF_I</string>
    <string name="cachedGUIDsKey:485-99W-RK7Z">{&quot;Identity_506534166019101&quot;:&quot;__859af398f2d94d4a9e45db21db2aeebc&quot;}</string>
    <boolean name="NetworkInfo:485-99W-RK7Z" value="true" />
    <int name="cachedGUIDsLengthKey:485-99W-RK7Z" value="1" />
    <string name="deviceId:485-99W-RK7Z">__859af398f2d94d4a9e45db21db2aeebc</string>
    <int name="comms_last_ts:485-99W-RK7Z" value="1768936754" />
    <int name="comms_first_ts:485-99W-RK7Z" value="1768840042" />
    <int name="imc:__859af398f2d94d4a9e45db21db2aeebc:485-99W-RK7Z" value="1" />
    <long name="last_assets_cleanup" value="1768840043227" />
</map>
