<?xml version='1.0' encoding='utf-8' standalone='yes' ?>
<map>
    <int name="d_ts" value="1768936750" />
    <int name="dh" value="-229604439" />
    <int name="hgt" value="5" />
    <string name="av">29.1.6</string>
    <int name="v" value="2" />
    <int name="wdt" value="2" />
    <string name="j_n">Zm9regYBCQZnYw==</string>
    <string name="i_n">Zm9regcCBwRhaA==</string>
    <int name="r_ts" value="1768936754" />
    <string name="id">485-99W-RK7Z</string>
    <string name="k_n">DHhnewQFAgBmbGR7ZmNjewMSbA==</string>
    <string name="j_s">{}</string>
</map>
